{
  "checkpoint_id": "002-plugin-scaffold",
  "phase": 2,
  "phase_name": "Plugin Scaffold",
  "status": "COMPLETE",
  "timestamp": "2026-02-16T20:05:00Z",
  "items_created": [
    "wp-content/plugins/tigon-taxonomy/tigon-taxonomy.php",
    "wp-content/plugins/tigon-taxonomy/includes/class-tigon-categories.php",
    "wp-content/plugins/tigon-taxonomy/includes/class-tigon-attributes.php",
    "wp-content/plugins/tigon-taxonomy/includes/class-tigon-tags.php",
    "wp-content/plugins/tigon-taxonomy/includes/class-tigon-cpt.php",
    "wp-content/plugins/tigon-taxonomy/includes/class-tigon-location.php",
    "wp-content/plugins/tigon-taxonomy/includes/class-tigon-primary-cat.php",
    "wp-content/plugins/tigon-taxonomy/includes/class-tigon-breadcrumbs.php",
    "wp-content/plugins/tigon-taxonomy/includes/class-tigon-widgets.php",
    "wp-content/plugins/tigon-taxonomy/assets/css/tigon-filters.css",
    "wp-content/plugins/tigon-taxonomy/assets/js/tigon-filters.js"
  ],
  "items_skipped": [],
  "notes": "Main plugin file with activation/deactivation hooks, autoloader, WooCommerce dependency check. All class stubs created."
}
