{
  "checkpoint_id": "004-attributes-registered",
  "phase": 4,
  "phase_name": "Attribute Registration",
  "status": "COMPLETE",
  "timestamp": "2026-02-16T20:15:00Z",
  "items_created": [
    "wp-content/plugins/tigon-taxonomy/includes/class-tigon-attributes.php (fully implemented)"
  ],
  "attributes_registered": [
    { "name": "Manufacturer", "slug": "pa_manufacturer", "terms": 13, "variations": false },
    { "name": "Seating Capacity", "slug": "pa_seating", "terms": 4, "variations": true },
    { "name": "Voltage", "slug": "pa_voltage", "terms": 3, "variations": false },
    { "name": "Vehicle Type", "slug": "pa_vehicle-type", "terms": 7, "variations": false },
    { "name": "Power Type", "slug": "pa_power-type", "terms": 4, "variations": true },
    { "name": "Drive Type", "slug": "pa_drive-type", "terms": 2, "variations": false },
    { "name": "Color", "slug": "pa_color", "terms": 12, "variations": true },
    { "name": "Condition", "slug": "pa_condition", "terms": 3, "variations": false },
    { "name": "Features", "slug": "pa_features", "terms": 8, "variations": false }
  ],
  "items_skipped": [],
  "notes": "All 9 global attributes created via wc_create_attribute() with idempotent checks. 56 total attribute terms."
}
