{
  "checkpoint_id": "005-tags-registered",
  "phase": 5,
  "phase_name": "Tag Registration",
  "status": "COMPLETE",
  "timestamp": "2026-02-16T20:18:00Z",
  "items_created": [
    "wp-content/plugins/tigon-taxonomy/includes/class-tigon-tags.php (fully implemented)"
  ],
  "tags_registered": {
    "location": ["Hatfield PA", "Poconos PA", "Ocean View NJ", "National", "Delivery Available"],
    "promo_status": ["Sale", "Featured", "Best Seller", "New Arrival", "Limited Stock", "0% Financing"],
    "use_case": ["Golf Course", "Neighborhood", "Off-Road", "Commercial", "Utility", "Resort", "Campground"],
    "compliance": ["Street Legal", "DOT Approved", "EPA Certified"],
    "total_tags": 21
  },
  "items_skipped": [],
  "notes": "All 21 product tags from Section 3.3 registered. Idempotent via name lookup."
}
