{
  "checkpoint_id": "007-location-taxonomy",
  "phase": 7,
  "phase_name": "Location Taxonomy",
  "status": "COMPLETE",
  "timestamp": "2026-02-16T20:25:00Z",
  "items_created": [
    "wp-content/plugins/tigon-taxonomy/includes/class-tigon-location.php (fully implemented)"
  ],
  "taxonomy_config": {
    "taxonomy_slug": "tigon_location",
    "object_type": "product",
    "hierarchical": false,
    "rewrite_slug": "location",
    "with_front": false,
    "admin_ui": "checkboxes (post_categories_meta_box)",
    "terms": ["hatfield-pa", "poconos-pa", "ocean-view-nj", "national"]
  },
  "items_skipped": [],
  "notes": "Location taxonomy registered and attached to WooCommerce products. Checkbox UI for admin. 4 default terms seeded."
}
