{
  "checkpoint_id": "012-final-verification",
  "phase": 12,
  "phase_name": "Final Verification & Documentation",
  "status": "COMPLETE",
  "timestamp": "2026-02-16T20:48:00Z",
  "items_created": [
    "wp-content/plugins/tigon-taxonomy/README.md"
  ],
  "verification": {
    "php_lint": "PASS — All 11 PHP files have no syntax errors",
    "json_validation": "PASS — taxonomy-seed.json is valid JSON",
    "file_count": {
      "php_files": 11,
      "css_files": 1,
      "js_files": 1,
      "json_files": 1,
      "md_files": 1,
      "total": 15
    },
    "taxonomy_counts": {
      "manufacturer_categories": 13,
      "model_categories": 38,
      "global_attributes": 9,
      "attribute_terms": 56,
      "product_tags": 21,
      "location_terms": 4,
      "custom_post_types": 1,
      "custom_taxonomies": 1
    }
  },
  "success_criteria_met": {
    "a_plugin_exists": true,
    "b_model_is_primary_category": true,
    "c_breadcrumbs_correct": true,
    "d_manufacturer_filter_widget": true,
    "e_all_categories_from_taxonomy_map": true,
    "f_code_committed_with_tracking": true
  },
  "items_skipped": [],
  "notes": "All success criteria from Section 1.2 are met. Plugin is ready for installation. Tagged as v1.0.0."
}
